{"initial_reset_timestamp": 1530438729.9574835, "timestamps": [1530438792.1903474, 1530438792.8835146, 1530438793.3036098, 1530438793.7655509, 1530438794.220599, 1530438794.6673574, 1530438795.0925095, 1530438795.580832, 1530438796.327817, 1530438796.8071508, 1530438797.2542715, 1530438797.7462528, 1530438798.178056, 1530438798.6649349, 1530438799.111424, 1530438799.6533372, 1530438800.0323093, 1530438800.4762692, 1530438800.95705, 1530438801.4437373, 1530438801.9254797, 1530438802.458653, 1530438802.9600549, 1530438803.396203, 1530438803.7934358, 1530438804.218692, 1530438804.620845, 1530438805.3580554, 1530438805.8131948, 1530438806.308057, 1530438806.7798543, 1530438807.2055933, 1530438807.6772158, 1530438808.1468008, 1530438808.666525, 1530438809.041795, 1530438809.4916868, 1530438809.9107115, 1530438810.3419526, 1530438810.7387457, 1530438811.1015959, 1530438811.5602324, 1530438811.9688334, 1530438812.404751, 1530438812.7766733, 1530438813.1633031, 1530438813.622912, 1530438814.1347117, 1530438814.6193223, 1530438814.993702, 1530438815.3924289, 1530438815.8785067, 1530438816.2799053, 1530438816.6698337, 1530438817.1527238, 1530438817.6942525, 1530438818.0555859, 1530438818.4566772, 1530438818.938176, 1530438819.40689, 1530438819.8858242, 1530438820.2600365, 1530438820.6408617, 1530438821.1315699, 1530438821.8572075, 1530438822.256279, 1530438822.651004, 1530438823.2010446, 1530438823.6172323, 1530438824.0389817, 1530438824.4367301, 1530438824.8622432, 1530438825.2220488, 1530438825.669249, 1530438826.1316462, 1530438826.5711164, 1530438826.9653459, 1530438827.3932688, 1530438827.8096893, 1530438828.3881676, 1530438828.8085864, 1530438829.236219, 1530438829.6933072, 1530438830.1640224, 1530438830.5460238, 1530438830.9919286, 1530438831.396297, 1530438831.7877154, 1530438832.3414025, 1530438832.7809381, 1530438833.1881936, 1530438833.6368349, 1530438834.2398922, 1530438834.673863, 1530438835.2287612, 1530438835.6417437, 1530438836.0492713, 1530438836.4111474, 1530438836.8185866, 1530438837.2219398], "episode_lengths": [1194, 1046, 1134, 1248, 1206, 1225, 1227, 1386, 1148, 1364, 1266, 1402, 1209, 1355, 1228, 1469, 1024, 1204, 1366, 1343, 1302, 1437, 1361, 1210, 1126, 1200, 1122, 1120, 1193, 1327, 1276, 1123, 1263, 1284, 1444, 1016, 1247, 1115, 1139, 1091, 1025, 1306, 1175, 1200, 1053, 1091, 1296, 1443, 1369, 1063, 1122, 1355, 1133, 1090, 1364, 1538, 1008, 1128, 1365, 1325, 1347, 1015, 1023, 1388, 1059, 1091, 1111, 1562, 1190, 1180, 1131, 1188, 1020, 1278, 1315, 1229, 1096, 1206, 1171, 1639, 1182, 1236, 1322, 1383, 1083, 1274, 1185, 1010, 1531, 1239, 1099, 1209, 1425, 1118, 1384, 1090, 1134, 1031, 1128, 1131], "episode_rewards": [-20.0, -21.0, -21.0, -21.0, -20.0, -20.0, -21.0, -20.0, -21.0, -21.0, -19.0, -21.0, -20.0, -21.0, -21.0, -19.0, -21.0, -20.0, -19.0, -20.0, -20.0, -19.0, -19.0, -20.0, -20.0, -20.0, -21.0, -20.0, -20.0, -20.0, -21.0, -21.0, -20.0, -20.0, -20.0, -21.0, -20.0, -20.0, -21.0, -21.0, -21.0, -19.0, -20.0, -21.0, -21.0, -21.0, -19.0, -20.0, -20.0, -21.0, -20.0, -21.0, -21.0, -21.0, -19.0, -19.0, -21.0, -21.0, -20.0, -20.0, -20.0, -21.0, -21.0, -18.0, -21.0, -21.0, -20.0, -20.0, -21.0, -20.0, -20.0, -21.0, -21.0, -20.0, -20.0, -20.0, -21.0, -20.0, -21.0, -19.0, -21.0, -21.0, -20.0, -19.0, -21.0, -20.0, -21.0, -21.0, -17.0, -21.0, -21.0, -20.0, -21.0, -20.0, -20.0, -21.0, -21.0, -21.0, -21.0, -21.0], "episode_types": ["t", "t", "t", "t", "t", "t", "t", "t", "t", "t", "t", "t", "t", "t", "t", "t", "t", "t", "t", "t", "t", "t", "t", "t", "t", "t", "t", "t", "t", "t", "t", "t", "t", "t", "t", "t", "t", "t", "t", "t", "t", "t", "t", "t", "t", "t", "t", "t", "t", "t", "t", "t", "t", "t", "t", "t", "t", "t", "t", "t", "t", "t", "t", "t", "t", "t", "t", "t", "t", "t", "t", "t", "t", "t", "t", "t", "t", "t", "t", "t", "t", "t", "t", "t", "t", "t", "t", "t", "t", "t", "t", "t", "t", "t", "t", "t", "t", "t", "t", "t", "t"]}